Módulo,Item/Subitem,Label,Rota,Componente,Feature flag/Permissão,Guard,API/Dados (referências estáticas),Botões (handlers diretos no componente),Renderização/evidência,Resultado
attendance,/ JRC Cockpit,Cockpit,/app/accounts/:accountId/cockpit,app/javascript/dashboard/routes/dashboard/jrcService/JrcCockpit.vue,"{ permissions: ['administrator', 'agent', 'custom_role'], }",,dashboard/composables/store; dashboard/api/jrcAi; inboxes/get; conversationUnreadCounts/get,showPersonalize = true; loadCockpit; loadCockpit; openRoute(card.route); openRoute(link.route); openWithPrompt( 'O que precisa da minha atenção agora? Organize por urgência e explique a próxima ação.' ) ; openAttention(item); analyzeAttention(item); openRoute( canConfigureAi ? 'jrc_ai_providers' : 'jrc_ai_agents' ) ; openRoute('jrc_ai_providers'); openRoute('jrc_ai_agents'); askAgent(agent); showPersonalize = false; savePreferences,Rota e componente conferidos no código; não comprova jornada HTTP/renderização no LAB.,PENDENTE DE HOMOLOGAÇÃO MANUAL
attendance,/ Conversation,Conversas,/app/accounts/:accountId/dashboard,app/javascript/dashboard/routes/dashboard/conversation/ConversationView.vue,"{ permissions: CONVERSATION_PERMISSIONS, }",,clearSelectedState; clearSelectedState; agents/get; portals/index; setActiveInbox; getConversation; setActiveChat; clearSelectedState,Delegados a componentes filhos ou grupo de navegação,Rota e componente conferidos no código; não comprova jornada HTTP/renderização no LAB.,PENDENTE DE HOMOLOGAÇÃO MANUAL
attendance,Conversation / All,SIDEBAR.ALL_CONVERSATIONS,/app/accounts/:accountId/dashboard,app/javascript/dashboard/routes/dashboard/conversation/ConversationView.vue,"{ permissions: CONVERSATION_PERMISSIONS, }",,clearSelectedState; clearSelectedState; agents/get; portals/index; setActiveInbox; getConversation; setActiveChat; clearSelectedState,Delegados a componentes filhos ou grupo de navegação,Rota e componente conferidos no código; não comprova jornada HTTP/renderização no LAB.,PENDENTE DE HOMOLOGAÇÃO MANUAL
attendance,Conversation / Mentions,SIDEBAR.MENTIONED_CONVERSATIONS,/app/accounts/:accountId/mentions/conversations,app/javascript/dashboard/routes/dashboard/conversation/ConversationView.vue,"{ permissions: CONVERSATION_PERMISSIONS, }",,clearSelectedState; clearSelectedState; agents/get; portals/index; setActiveInbox; getConversation; setActiveChat; clearSelectedState,Delegados a componentes filhos ou grupo de navegação,Rota e componente conferidos no código; não comprova jornada HTTP/renderização no LAB.,PENDENTE DE HOMOLOGAÇÃO MANUAL
attendance,Conversation / Participating,SIDEBAR.PARTICIPATING_CONVERSATIONS,/app/accounts/:accountId/participating/conversations,app/javascript/dashboard/routes/dashboard/conversation/ConversationView.vue,"{ permissions: CONVERSATION_PERMISSIONS, }",,clearSelectedState; clearSelectedState; agents/get; portals/index; setActiveInbox; getConversation; setActiveChat; clearSelectedState,Delegados a componentes filhos ou grupo de navegação,Rota e componente conferidos no código; não comprova jornada HTTP/renderização no LAB.,PENDENTE DE HOMOLOGAÇÃO MANUAL
attendance,Conversation / Unattended,SIDEBAR.UNATTENDED_CONVERSATIONS,/app/accounts/:accountId/unattended/conversations,app/javascript/dashboard/routes/dashboard/conversation/ConversationView.vue,"{ permissions: CONVERSATION_PERMISSIONS, }",,clearSelectedState; clearSelectedState; agents/get; portals/index; setActiveInbox; getConversation; setActiveChat; clearSelectedState,Delegados a componentes filhos ou grupo de navegação,Rota e componente conferidos no código; não comprova jornada HTTP/renderização no LAB.,PENDENTE DE HOMOLOGAÇÃO MANUAL
attendance,Conversation / Folders,SIDEBAR.CUSTOM_VIEWS_FOLDER,,Grupo dinâmico,Herdadas dos filhos; conferir provider/Policy,,Delegados a componentes/store; chamada HTTP pendente de homologação,Delegados a componentes filhos ou grupo de navegação,Rota e componente conferidos no código; não comprova jornada HTTP/renderização no LAB.,PENDENTE DE HOMOLOGAÇÃO MANUAL
attendance,Folders / [dynamic sortedFolders]-1,[dynamic sortedFolders],/app/accounts/:accountId/custom_view/:id,app/javascript/dashboard/routes/dashboard/conversation/ConversationView.vue,"{ permissions: CONVERSATION_PERMISSIONS, }",redirectFolderListIfUnavailable,clearSelectedState; clearSelectedState; agents/get; portals/index; setActiveInbox; getConversation; setActiveChat; clearSelectedState,Delegados a componentes filhos ou grupo de navegação,Rota e componente conferidos no código; não comprova jornada HTTP/renderização no LAB.,PENDENTE DE HOMOLOGAÇÃO MANUAL
attendance,Conversation / Teams,SIDEBAR.TEAMS,,Grupo dinâmico,Herdadas dos filhos; conferir provider/Policy,,Delegados a componentes/store; chamada HTTP pendente de homologação,Delegados a componentes filhos ou grupo de navegação,Rota e componente conferidos no código; não comprova jornada HTTP/renderização no LAB.,PENDENTE DE HOMOLOGAÇÃO MANUAL
attendance,Teams / [dynamic sortedTeams]-1,[dynamic sortedTeams],/app/accounts/:accountId/team/:teamId,app/javascript/dashboard/routes/dashboard/conversation/ConversationView.vue,"{ permissions: CONVERSATION_PERMISSIONS, }",,clearSelectedState; clearSelectedState; agents/get; portals/index; setActiveInbox; getConversation; setActiveChat; clearSelectedState,Delegados a componentes filhos ou grupo de navegação,Rota e componente conferidos no código; não comprova jornada HTTP/renderização no LAB.,PENDENTE DE HOMOLOGAÇÃO MANUAL
attendance,Conversation / Labels,SIDEBAR.LABELS,,Grupo dinâmico,Herdadas dos filhos; conferir provider/Policy,,Delegados a componentes/store; chamada HTTP pendente de homologação,Delegados a componentes filhos ou grupo de navegação,Rota e componente conferidos no código; não comprova jornada HTTP/renderização no LAB.,PENDENTE DE HOMOLOGAÇÃO MANUAL
attendance,Labels / [dynamic sortedLabels]-1,[dynamic sortedLabels],/app/accounts/:accountId/label/:label,app/javascript/dashboard/routes/dashboard/conversation/ConversationView.vue,"{ permissions: CONVERSATION_PERMISSIONS, }",,clearSelectedState; clearSelectedState; agents/get; portals/index; setActiveInbox; getConversation; setActiveChat; clearSelectedState,Delegados a componentes filhos ou grupo de navegação,Rota e componente conferidos no código; não comprova jornada HTTP/renderização no LAB.,PENDENTE DE HOMOLOGAÇÃO MANUAL
attendance,/ JRC Broker Connections,JRC_BROKER.CONNECT_WHATSAPP,/app/accounts/:accountId/whatsapp-connections,app/javascript/dashboard/routes/dashboard/jrcBroker/ConnectionsPage.vue,"{ permissions: ['administrator', 'agent', 'custom_role'] }",,dashboard/composables/store; dashboard/api/jrcBroker,load,Rota e componente conferidos no código; não comprova jornada HTTP/renderização no LAB.,PENDENTE DE HOMOLOGAÇÃO MANUAL
attendance,/ JRC Email Center,E-mails,/app/accounts/:accountId/emails,app/javascript/dashboard/routes/dashboard/jrcService/JrcEmailCenter.vue,"{ permissions: ['administrator', 'agent', 'custom_role'], }",,dashboard/composables/store; inboxes/get; conversationUnreadCounts/get,openRoute('jrc_cockpit'); openRoute('settings_inbox_list'); openInbox(inbox); openRoute('settings_inbox_list'),Rota e componente conferidos no código; não comprova jornada HTTP/renderização no LAB.,PENDENTE DE HOMOLOGAÇÃO MANUAL
attendance,/ JRC Calls Center,Ligações,/app/accounts/:accountId/chamadas,app/javascript/dashboard/routes/dashboard/jrcService/JrcCallsCenter.vue,"{ permissions: ['administrator', 'agent', 'custom_role'], }",,dashboard/api/sipCredentials; dashboard/api/whatsappCallingConfiguration,openRoute('jrc_cockpit'); openRoute('ramal_index'); openRoute('ramal_index'); openRoute('whatsapp_calling_index'); openRoute('crm_calendar'); openRoute('crm_activities'),Rota e componente conferidos no código; não comprova jornada HTTP/renderização no LAB.,PENDENTE DE HOMOLOGAÇÃO MANUAL
attendance,JRC Calls Center / Calls Overview,Visão geral,/app/accounts/:accountId/chamadas,app/javascript/dashboard/routes/dashboard/jrcService/JrcCallsCenter.vue,"{ permissions: ['administrator', 'agent', 'custom_role'], }",,dashboard/api/sipCredentials; dashboard/api/whatsappCallingConfiguration,openRoute('jrc_cockpit'); openRoute('ramal_index'); openRoute('ramal_index'); openRoute('whatsapp_calling_index'); openRoute('crm_calendar'); openRoute('crm_activities'),Rota e componente conferidos no código; não comprova jornada HTTP/renderização no LAB.,PENDENTE DE HOMOLOGAÇÃO MANUAL
attendance,JRC Calls Center / Webphone,Ramal JRC,/app/accounts/:accountId/ramal,app/javascript/dashboard/routes/dashboard/webphone/WebphonePage.vue,"{ permissions: ['administrator', 'agent', 'custom_role'] }",,dashboard/api/companies; dashboard/api/contacts,contactSearchQuery = $event; toggleExtension; enableCallNotifications; call; answer; transferMenuOpen = !transferMenuOpen; selectTransferMode('supervised'); selectTransferMode('immediate'); toggleHold; openVideoConference; submitTransfer; pressKey(tone); toggleMute; incoming ? reject() : hangup(),Rota e componente conferidos no código; não comprova jornada HTTP/renderização no LAB.,PENDENTE DE HOMOLOGAÇÃO MANUAL
attendance,JRC Calls Center / Call History,Histórico de ligações,/app/accounts/:accountId/calls,app/javascript/dashboard/routes/dashboard/calls/pages/CallsIndex.vue,"{ permissions: [...ROLES, ...CONVERSATION_PERMISSIONS], installationTypes: [ INSTALLATION_TYPES.CLOUD, INSTALLATION_TYPES.ENTERPRISE, ], }",,dashboard/composables/store; dashboard/stores/callHistory; inboxes/get; agents/get,onPageChange,Rota e componente conferidos no código; não comprova jornada HTTP/renderização no LAB.,PENDENTE DE HOMOLOGAÇÃO MANUAL
attendance,/ Contacts,Contatos,,Grupo dinâmico,Herdadas dos filhos; conferir provider/Policy,,Delegados a componentes/store; chamada HTTP pendente de homologação,Delegados a componentes filhos ou grupo de navegação,Rota e componente conferidos no código; não comprova jornada HTTP/renderização no LAB.,PENDENTE DE HOMOLOGAÇÃO MANUAL
attendance,Contacts / All Contacts,SIDEBAR.ALL_CONTACTS,/app/accounts/:accountId/contacts,app/javascript/dashboard/routes/dashboard/contacts/pages/ContactsIndex.vue,"{ featureFlag: FEATURE_FLAGS.CRM, permissions: ['administrator', 'agent', 'contact_manage'], }",,dashboard/composables/store; dashboard/api/bulkActions; contacts/clearContactFilters; contacts/get; contacts/filter; contacts/clearContactFilters; contacts/active; contacts/clearContactFilters; contacts/search; contacts/search; contacts/create,relationshipTab = tab; fetchContacts(); selectRelationshipContact(contact); openWhatsappCalling(contact); openWhatsappCalling(contact); openSelectedContact(contact); onPageChange(currentPage - 1); onPageChange((currentPage || 1) + 1); loadMoreSearchResults; crmSelectedContact = null; openWhatsappCalling(selectedRelationshipContact); openSelectedContact(selectedRelationshipContact),Rota e componente conferidos no código; não comprova jornada HTTP/renderização no LAB.,PENDENTE DE HOMOLOGAÇÃO MANUAL
attendance,Contacts / Active,SIDEBAR.ACTIVE,/app/accounts/:accountId/contacts/active,app/javascript/dashboard/routes/dashboard/contacts/pages/ContactsIndex.vue,"{ featureFlag: FEATURE_FLAGS.CRM, permissions: ['administrator', 'agent', 'contact_manage'], }",,dashboard/composables/store; dashboard/api/bulkActions; contacts/clearContactFilters; contacts/get; contacts/filter; contacts/clearContactFilters; contacts/active; contacts/clearContactFilters; contacts/search; contacts/search; contacts/create,relationshipTab = tab; fetchContacts(); selectRelationshipContact(contact); openWhatsappCalling(contact); openWhatsappCalling(contact); openSelectedContact(contact); onPageChange(currentPage - 1); onPageChange((currentPage || 1) + 1); loadMoreSearchResults; crmSelectedContact = null; openWhatsappCalling(selectedRelationshipContact); openSelectedContact(selectedRelationshipContact),Rota e componente conferidos no código; não comprova jornada HTTP/renderização no LAB.,PENDENTE DE HOMOLOGAÇÃO MANUAL
attendance,Contacts / Segments,SIDEBAR.CUSTOM_VIEWS_SEGMENTS,,Grupo dinâmico,Herdadas dos filhos; conferir provider/Policy,,Delegados a componentes/store; chamada HTTP pendente de homologação,Delegados a componentes filhos ou grupo de navegação,Rota e componente conferidos no código; não comprova jornada HTTP/renderização no LAB.,PENDENTE DE HOMOLOGAÇÃO MANUAL
attendance,Segments / [dynamic contactCustomViews]-1,[dynamic contactCustomViews],/app/accounts/:accountId/contacts/segments/:segmentId,app/javascript/dashboard/routes/dashboard/contacts/pages/ContactsIndex.vue,"{ featureFlag: FEATURE_FLAGS.CRM, permissions: ['administrator', 'agent', 'contact_manage'], }",,dashboard/composables/store; dashboard/api/bulkActions; contacts/clearContactFilters; contacts/get; contacts/filter; contacts/clearContactFilters; contacts/active; contacts/clearContactFilters; contacts/search; contacts/search; contacts/create,relationshipTab = tab; fetchContacts(); selectRelationshipContact(contact); openWhatsappCalling(contact); openWhatsappCalling(contact); openSelectedContact(contact); onPageChange(currentPage - 1); onPageChange((currentPage || 1) + 1); loadMoreSearchResults; crmSelectedContact = null; openWhatsappCalling(selectedRelationshipContact); openSelectedContact(selectedRelationshipContact),Rota e componente conferidos no código; não comprova jornada HTTP/renderização no LAB.,PENDENTE DE HOMOLOGAÇÃO MANUAL
attendance,Contacts / Tagged With,SIDEBAR.TAGGED_WITH,,Grupo dinâmico,Herdadas dos filhos; conferir provider/Policy,,Delegados a componentes/store; chamada HTTP pendente de homologação,Delegados a componentes filhos ou grupo de navegação,Rota e componente conferidos no código; não comprova jornada HTTP/renderização no LAB.,PENDENTE DE HOMOLOGAÇÃO MANUAL
attendance,Tagged With / [dynamic labels]-1,[dynamic labels],/app/accounts/:accountId/contacts/labels/:label,app/javascript/dashboard/routes/dashboard/contacts/pages/ContactsIndex.vue,"{ featureFlag: FEATURE_FLAGS.CRM, permissions: ['administrator', 'agent', 'contact_manage'], }",,dashboard/composables/store; dashboard/api/bulkActions; contacts/clearContactFilters; contacts/get; contacts/filter; contacts/clearContactFilters; contacts/active; contacts/clearContactFilters; contacts/search; contacts/search; contacts/create,relationshipTab = tab; fetchContacts(); selectRelationshipContact(contact); openWhatsappCalling(contact); openWhatsappCalling(contact); openSelectedContact(contact); onPageChange(currentPage - 1); onPageChange((currentPage || 1) + 1); loadMoreSearchResults; crmSelectedContact = null; openWhatsappCalling(selectedRelationshipContact); openSelectedContact(selectedRelationshipContact),Rota e componente conferidos no código; não comprova jornada HTTP/renderização no LAB.,PENDENTE DE HOMOLOGAÇÃO MANUAL
attendance,/ JRC Service Desk,JRC_SERVICE_DESK.MODULE,/app/accounts/:accountId/service-desk/tickets,app/javascript/dashboard/routes/dashboard/serviceDesk/views/TicketListView.vue,jrc_service_desk; operational context + UnitMembership + capabilities,createIntegratedGuard,Delegados a componentes/store; chamada HTTP pendente de homologação,"go('new'); page; selection = ''; session.resetResource(previewKey); go('detail', selection)",PASSOU em testes locais de navegação/componentes e contratos; repetir jornada com usuário autorizado no LAB após deploy.,PASSOU
attendance,/ CRM,CRM.SIDEBAR,/app/accounts/:accountId/crm/dashboard,app/javascript/dashboard/routes/dashboard/crm/views/dashboard/CrmDashboardView.vue,"{ featureFlag: FEATURE_FLAGS.JRC_CRM, permissions: ['administrator', 'agent', 'custom_role'], }",ensureCrmEnabled,jrcCrm/dashboard/fetchMetrics,Delegados a componentes filhos ou grupo de navegação,Sessão LAB Claudio Hideki redirecionada à central ao tentar CRM/Funil; não corresponde à sessão Thiago das capturas. Não se concedeu acesso.,BLOQUEADO POR PERMISSÃO — ESPERADO
attendance,CRM / CRM Overview,Visão geral,/app/accounts/:accountId/crm/dashboard,app/javascript/dashboard/routes/dashboard/crm/views/dashboard/CrmDashboardView.vue,"{ featureFlag: FEATURE_FLAGS.JRC_CRM, permissions: ['administrator', 'agent', 'custom_role'], }",ensureCrmEnabled,jrcCrm/dashboard/fetchMetrics,Delegados a componentes filhos ou grupo de navegação,Rota e componente conferidos no código; não comprova jornada HTTP/renderização no LAB.,PENDENTE DE HOMOLOGAÇÃO MANUAL
attendance,CRM / CRM Indicators,Indicadores,/app/accounts/:accountId/crm/indicators,app/javascript/dashboard/routes/dashboard/crm/views/reports/ReportsView.vue,"{ featureFlag: FEATURE_FLAGS.JRC_CRM, permissions: ['administrator', 'agent', 'custom_role'], }",ensureCrmEnabled,dashboard/api/crm; agents/get,exportReport; load; load; period = option; load();,Rota e componente conferidos no código; não comprova jornada HTTP/renderização no LAB.,PENDENTE DE HOMOLOGAÇÃO MANUAL
attendance,CRM / CRM Leads,Leads,/app/accounts/:accountId/crm/leads,app/javascript/dashboard/routes/dashboard/crm/views/leads/LeadsIndex.vue,"{ featureFlag: FEATURE_FLAGS.JRC_CRM, permissions: ['administrator', 'agent', 'custom_role'], }",ensureCrmEnabled,dashboard/api/crm; jrcCrm/leads/fetchLeads,"showForm = true; viewMode = 'list'; viewMode = 'kanban'; load; openDetails(lead); changeStatus(lead, $event.target.value); openDetails(lead); showForm = false; showForm = false; convertLead",Rota e componente conferidos no código; não comprova jornada HTTP/renderização no LAB.,PENDENTE DE HOMOLOGAÇÃO MANUAL
attendance,CRM / CRM Deals,Negocios,/app/accounts/:accountId/crm/deals,app/javascript/dashboard/routes/dashboard/crm/views/deals/DealsIndex.vue,"{ featureFlag: FEATURE_FLAGS.JRC_CRM, permissions: ['administrator', 'agent', 'custom_role'], }",ensureCrmEnabled,dashboard/api/contacts; dashboard/api/agents; dashboard/api/crm; jrcCrm/deals/fetchDeals; jrcCrm/deals/fetchDeals; jrcCrm/deals/fetchDeals; jrcCrm/deals/fetchDeals; jrcCrm/deals/fetchDeals; jrcCrm/activities/fetchActivities; jrcCrm/deals/fetchDeal; jrcCrm/deals/SET_CURRENT_DEAL; jrcCrm/deals/fetchDeals,"openForm; router.push({ query: { ...route.query, dealId: deal.id } }); showForm = false; loadStages; selectProduct; addProductDraft; removeProductDraft(index); showForm = false; toggleDetailsEdit; closeDetails; selectDetailsProduct; addDetailsProduct; updateDetailsProduct(item); item.unit_price_cents = centsFromInput($event.target.value); updateDetailsProduct(item); item.discount_cents = centsFromInput($event.target.value); updateDetailsProduct(item); removeDetailsProduct(item); openConversation(selectedDeal.conversation)",Rota e componente conferidos no código; não comprova jornada HTTP/renderização no LAB.,PENDENTE DE HOMOLOGAÇÃO MANUAL
attendance,CRM / CRM Funnel,Funil,/app/accounts/:accountId/crm/funnel,app/javascript/dashboard/routes/dashboard/crm/components/kanban/DealsFunnelKanban.vue,"{ featureFlag: FEATURE_FLAGS.JRC_CRM, permissions: ['administrator', 'agent', 'custom_role'], }",ensureCrmEnabled,dashboard/api/crm; jrcCrm/deals/fetchKanbanData; jrcCrm/pipelines/fetchPipelines; agents/get; jrcCrm/deals/UPDATE_DEAL_STAGE; jrcCrm/deals/moveStage; jrcCrm/deals/ROLLBACK_DEAL_STAGE,loadKanbanData; initialize; pendingLostMove = null; confirmLostMove,PASSOU em testes locais de navegação/componentes e contratos; repetir jornada com usuário autorizado no LAB após deploy.,PASSOU
attendance,CRM / CRM Wallet,Minha carteira,/app/accounts/:accountId/crm/wallet,app/javascript/dashboard/routes/dashboard/crm/views/wallet/WalletView.vue,"{ featureFlag: FEATURE_FLAGS.JRC_CRM, permissions: ['administrator', 'agent', 'custom_role'], }",ensureCrmEnabled,dashboard/api/crm,openDeals(deal.id); openDeals(deal.id),Rota e componente conferidos no código; não comprova jornada HTTP/renderização no LAB.,PENDENTE DE HOMOLOGAÇÃO MANUAL
attendance,CRM / CRM Activities,Atividades,/app/accounts/:accountId/crm/activities,app/javascript/dashboard/routes/dashboard/crm/views/activities/ActivitiesIndex.vue,"{ featureFlag: FEATURE_FLAGS.JRC_CRM, permissions: ['administrator', 'agent', 'custom_role'], }",ensureCrmEnabled,dashboard/api/crm; jrcCrm/activities/fetchActivities; jrcCrm/deals/fetchDeals,showForm = true; filters.status = filters.status === status.value ? '' : status.value ; clearFilters; complete(activity.id); complete(nextActivity.id); showForm = false,"Botões Executar, Editar e Iniciar ação preexistentes sem handler/rota em ActivitiesIndex.vue; pendência funcional não implementada nesta correção.",FALHOU
attendance,CRM / CRM Calendar,Agenda,/app/accounts/:accountId/crm/calendar,app/javascript/dashboard/routes/dashboard/crm/views/calendar/CalendarView.vue,"{ featureFlag: FEATURE_FLAGS.JRC_CRM, permissions: ['administrator', 'agent', 'custom_role'], }",ensureCrmEnabled,dashboard/api/crm; jrcCrm/activities/fetchActivities; jrcCrm/activities/fetchActivities,changeMonth(-1); changeMonth(1); selectCalendarDay(day); changeMonth(-1); changeMonth(1); goToday; complete(activity.id); complete(activities[0].id),Rota e componente conferidos no código; não comprova jornada HTTP/renderização no LAB.,PENDENTE DE HOMOLOGAÇÃO MANUAL
attendance,CRM / CRM Products,Produtos,/app/accounts/:accountId/crm/products,app/javascript/dashboard/routes/dashboard/crm/views/products/ProductsIndex.vue,"{ featureFlag: FEATURE_FLAGS.JRC_CRM, permissions: ['administrator', 'agent', 'custom_role'], }",ensureCrmEnabled,dashboard/api/crm; jrcCrm/products/fetchProducts,handleCatalogImport; requestCatalogImport; exportCatalog; openCreate; clearFilters; openEdit(product); toggleActive(product); closeForm; activeTab = tab.id; closeForm,Rota e componente conferidos no código; não comprova jornada HTTP/renderização no LAB.,PENDENTE DE HOMOLOGAÇÃO MANUAL
attendance,CRM / CRM Proposals,Propostas,/app/accounts/:accountId/crm/proposals,app/javascript/dashboard/routes/dashboard/crm/views/proposals/ProposalsIndex.vue,"{ featureFlag: FEATURE_FLAGS.JRC_CRM, permissions: ['administrator', 'agent', 'custom_role'], }",ensureCrmEnabled,dashboard/api/crm; jrcCrm/proposals/fetchProposals,"openForm; openProposal(proposal); openProposal(proposal); openProposal(proposal).then(() => previewProposal()); downloadPdf(proposal); sendFromRow(proposal, 'whatsapp'); sendFromRow(proposal, 'email'); showForm = false; previewProposal; downloadPdf(); copyPublicLink; requestApproval; duplicateProposal; sendProposal('whatsapp'); sendProposal('email'); closeProposal; selectProduct; updateItem(item); updateItemPrice(item, $event.target.value); updateItemDiscount(item, $event.target.value); removeItem(item); updateApproval(approvalItem.key, 'approved'); updateApproval(approvalItem.key, 'rejected')",Rota e componente conferidos no código; não comprova jornada HTTP/renderização no LAB.,PENDENTE DE HOMOLOGAÇÃO MANUAL
attendance,/ JRC Campaigns,Campanhas,/app/accounts/:accountId/jrc-campanhas,app/javascript/dashboard/routes/dashboard/jrcCampaigns/JrcCampaignsAccountPage.vue,"{ featureFlag: FEATURE_FLAGS.JRC_CAMPAIGNS, permissions: ['administrator', 'agent', 'custom_role'], }","async to => { await store.dispatch('accounts/get', { silent: true }); const enabled = store.getters['accounts/isFeatureEnabledonAccount']( Number(to.params.accountId), FEATURE_FLAGS.JRC_CAMPAIGNS ); return enabled ? true : frontendURL(`accounts/${to.params.accountId}/dashboard`); }",Delegados a componentes/store; chamada HTTP pendente de homologação,Delegados a componentes filhos ou grupo de navegação,Rota e componente conferidos no código; não comprova jornada HTTP/renderização no LAB.,PENDENTE DE HOMOLOGAÇÃO MANUAL
attendance,/ Reports,SIDEBAR.REPORTS,/app/accounts/:accountId/reports/overview,app/javascript/dashboard/routes/dashboard/settings/reports/LiveReports.vue,"{ featureFlag: FEATURE_FLAGS.REPORTS, permissions: ['administrator', 'report_manage'], }",,Delegados a componentes/store; chamada HTTP pendente de homologação,Delegados a componentes filhos ou grupo de navegação,Rota e componente conferidos no código; não comprova jornada HTTP/renderização no LAB.,PENDENTE DE HOMOLOGAÇÃO MANUAL
attendance,Reports / Report Overview,SIDEBAR.REPORTS_OVERVIEW,/app/accounts/:accountId/reports/overview,app/javascript/dashboard/routes/dashboard/settings/reports/LiveReports.vue,"{ featureFlag: FEATURE_FLAGS.REPORTS, permissions: ['administrator', 'report_manage'], }",,Delegados a componentes/store; chamada HTTP pendente de homologação,Delegados a componentes filhos ou grupo de navegação,Rota e componente conferidos no código; não comprova jornada HTTP/renderização no LAB.,PENDENTE DE HOMOLOGAÇÃO MANUAL
attendance,Reports / Report Conversation,SIDEBAR.REPORTS_CONVERSATION,/app/accounts/:accountId/reports/conversation,app/javascript/dashboard/routes/dashboard/settings/reports/Index.vue,"{ featureFlag: FEATURE_FLAGS.REPORTS, permissions: ['administrator', 'report_manage'], }",,fetchAccountSummary; fetchAccountReport; downloadConversationsSummaryReports,downloadConversationReports; downloadConversationReports,Rota e componente conferidos no código; não comprova jornada HTTP/renderização no LAB.,PENDENTE DE HOMOLOGAÇÃO MANUAL
attendance,Reports / Reports Agent,SIDEBAR.REPORTS_AGENT,agents_overview,app/javascript/dashboard/routes/dashboard/settings/reports/AgentReportsIndex.vue,"{ permissions: ['administrator', 'report_manage'], }",,Delegados a componentes/store; chamada HTTP pendente de homologação,onDownloadClick; $router.push({ name: 'account_overview_reports' }),Rota e componente conferidos no código; não comprova jornada HTTP/renderização no LAB.,PENDENTE DE HOMOLOGAÇÃO MANUAL
attendance,Reports / Reports Label,SIDEBAR.REPORTS_LABEL,labels_overview,app/javascript/dashboard/routes/dashboard/settings/reports/LabelReportsIndex.vue,"{ permissions: ['administrator', 'report_manage'], }",,Delegados a componentes/store; chamada HTTP pendente de homologação,onDownloadClick,Rota e componente conferidos no código; não comprova jornada HTTP/renderização no LAB.,PENDENTE DE HOMOLOGAÇÃO MANUAL
attendance,Reports / Reports Inbox,SIDEBAR.REPORTS_INBOX,inboxes_overview,app/javascript/dashboard/routes/dashboard/settings/reports/InboxReportsIndex.vue,"{ permissions: ['administrator', 'report_manage'], }",,Delegados a componentes/store; chamada HTTP pendente de homologação,onDownloadClick,Rota e componente conferidos no código; não comprova jornada HTTP/renderização no LAB.,PENDENTE DE HOMOLOGAÇÃO MANUAL
attendance,Reports / Reports Team,SIDEBAR.REPORTS_TEAM,teams_overview,app/javascript/dashboard/routes/dashboard/settings/reports/TeamReportsIndex.vue,"{ permissions: ['administrator', 'report_manage'], }",,Delegados a componentes/store; chamada HTTP pendente de homologação,onDownloadClick,Rota e componente conferidos no código; não comprova jornada HTTP/renderização no LAB.,PENDENTE DE HOMOLOGAÇÃO MANUAL
attendance,Reports / Reports CSAT,SIDEBAR.CSAT,/app/accounts/:accountId/reports/csat,app/javascript/dashboard/routes/dashboard/settings/reports/CsatResponses.vue,"{ featureFlag: FEATURE_FLAGS.REPORTS, permissions: ['administrator', 'report_manage'], }",,agents/get; csat/getMetrics; csat/get; csat/downloadCSATReports,downloadReports,Rota e componente conferidos no código; não comprova jornada HTTP/renderização no LAB.,PENDENTE DE HOMOLOGAÇÃO MANUAL
attendance,Reports / Reports SLA,SIDEBAR.REPORTS_SLA,/app/accounts/:accountId/reports/sla,app/javascript/dashboard/routes/dashboard/settings/reports/SLAReports.vue,"{ featureFlag: FEATURE_FLAGS.REPORTS, permissions: ['administrator', 'report_manage'], }",,agents/get; inboxes/get; teams/get; labels/get; sla/get; slaReports/get; slaReports/getMetrics; slaReports/download,downloadReports,Rota e componente conferidos no código; não comprova jornada HTTP/renderização no LAB.,PENDENTE DE HOMOLOGAÇÃO MANUAL
attendance,Reports / Reports Bot,SIDEBAR.REPORTS_BOT,/app/accounts/:accountId/reports/bot,app/javascript/dashboard/routes/dashboard/settings/reports/BotReports.vue,"{ featureFlag: FEATURE_FLAGS.REPORTS, permissions: ['administrator', 'report_manage'], }",,fetchBotSummary; fetchAccountReport,Delegados a componentes filhos ou grupo de navegação,Rota e componente conferidos no código; não comprova jornada HTTP/renderização no LAB.,PENDENTE DE HOMOLOGAÇÃO MANUAL
attendance,/ Video Conference,Video Conferencia,/app/accounts/:accountId/video-conferencia,app/javascript/dashboard/routes/dashboard/videoConference/VideoConferencePage.vue,"{ permissions: ['administrator', 'agent', 'custom_role'] }",,dashboard/api/videoConferenceSettings,"enterConference('moderator'); openNewTab(moderatorUrl); enterConference('spectator'); openNewTab(spectatorUrl); copyValue('moderator-url', moderatorUrl); togglePassword('moderator'); copyValue('moderator-password', moderatorPassword) ; copyValue('spectator-url', spectatorUrl); togglePassword('spectator'); copyValue('spectator-password', spectatorPassword)",Rota e componente conferidos no código; não comprova jornada HTTP/renderização no LAB.,PENDENTE DE HOMOLOGAÇÃO MANUAL
intelligence,/ JRC Flows,Flows,/app/accounts/:accountId/flows,app/javascript/dashboard/routes/dashboard/jrcFlows/FlowsWorkspace.vue,"{ permissions: ['administrator', 'agent', 'custom_role'] }",,dashboard/composables/store,Delegados a componentes filhos ou grupo de navegação,Rota e componente conferidos no código; não comprova jornada HTTP/renderização no LAB.,PENDENTE DE HOMOLOGAÇÃO MANUAL
intelligence,/ JRC AI Agents,Agentes IA,/app/accounts/:accountId/inteligencia/agentes,app/javascript/dashboard/routes/dashboard/jrcAI/JrcAiAgentsPage.vue,"{ permissions: ['administrator', 'agent', 'custom_role'] }",,dashboard/api/jrcAi,openSettings; load; selectAgent(agent),Rota e componente conferidos no código; não comprova jornada HTTP/renderização no LAB.,PENDENTE DE HOMOLOGAÇÃO MANUAL
intelligence,/ JRC AI Insights,Insights de IA,/app/accounts/:accountId/inteligencia/insights,app/javascript/dashboard/routes/dashboard/jrcAI/JrcAiInsightsPage.vue,"{ permissions: ['administrator', 'agent', 'custom_role'] }",,dashboard/api/jrcAi,openWithPrompt('Analise os insights atuais e organize as recomendacoes por impacto e urgencia.'); openWithPrompt(`Ajude a resolver: ${item.title}. ${item.description}`); openWithPrompt(agent.prompt); load,Rota e componente conferidos no código; não comprova jornada HTTP/renderização no LAB.,PENDENTE DE HOMOLOGAÇÃO MANUAL
intelligence,/ Captain,Base de Conhecimento,,Grupo dinâmico,Herdadas dos filhos; conferir provider/Policy,,Delegados a componentes/store; chamada HTTP pendente de homologação,Delegados a componentes filhos ou grupo de navegação,Rota e componente conferidos no código; não comprova jornada HTTP/renderização no LAB.,PENDENTE DE HOMOLOGAÇÃO MANUAL
intelligence,Captain / Overview,SIDEBAR.CAPTAIN_OVERVIEW,/app/accounts/:accountId/captain/:assistantId/overview,app/javascript/dashboard/routes/dashboard/captain/assistants/overview/Index.vue,"{ permissions: ['administrator', 'agent'], featureFlag: FEATURE_FLAGS.CAPTAIN, installationTypes: [INSTALLATION_TYPES.CLOUD, INSTALLATION_TYPES.ENTERPRISE], }",,dashboard/api/captain/assistant,openDrilldown(metric),Rota e componente conferidos no código; não comprova jornada HTTP/renderização no LAB.,PENDENTE DE HOMOLOGAÇÃO MANUAL
intelligence,Captain / FAQs,SIDEBAR.CAPTAIN_RESPONSES,/app/accounts/:accountId/captain/:assistantId/faqs,app/javascript/dashboard/routes/dashboard/captain/responses/Index.vue,"{ permissions: ['administrator', 'agent'], featureFlag: FEATURE_FLAGS.CAPTAIN, installationTypes: [INSTALLATION_TYPES.CLOUD, INSTALLATION_TYPES.ENTERPRISE], }",,dashboard/composables/store; dashboard/api/captain/response; captainResponses/setFetchingList; captainResponses/setRecords; captainResponses/setFetchingList; captainResponses/setFetchingList; captainResponses/setRecords; captainResponses/setFetchingList,onPageChange; handleCreate; handleCreate,Rota e componente conferidos no código; não comprova jornada HTTP/renderização no LAB.,PENDENTE DE HOMOLOGAÇÃO MANUAL
intelligence,Captain / Documents,SIDEBAR.CAPTAIN_DOCUMENTS,/app/accounts/:accountId/captain/:assistantId/documents,app/javascript/dashboard/routes/dashboard/captain/documents/Index.vue,"{ permissions: ['administrator', 'agent'], featureFlag: FEATURE_FLAGS.CAPTAIN, installationTypes: [INSTALLATION_TYPES.CLOUD, INSTALLATION_TYPES.ENTERPRISE], }",,dashboard/composables/store; dashboard/api/captain/document; captainDocuments/setFetchingList; captainDocuments/setRecords; captainDocuments/setFetchingList; captainDocuments/sync,onPageChange; handleCreateDocument; onFiltersChanged; handleCreateDocument,Rota e componente conferidos no código; não comprova jornada HTTP/renderização no LAB.,PENDENTE DE HOMOLOGAÇÃO MANUAL
intelligence,Captain / Scenarios,SIDEBAR.CAPTAIN_SCENARIOS,/app/accounts/:accountId/captain/:assistantId/scenarios,app/javascript/dashboard/routes/dashboard/captain/assistants/scenarios/Index.vue,"{ permissions: ['administrator', 'agent'], featureFlag: FEATURE_FLAGS.CAPTAIN_V2, installationTypes: [INSTALLATION_TYPES.CLOUD, INSTALLATION_TYPES.ENTERPRISE], }",,dashboard/composables/store; captainScenarios/update; captainScenarios/delete; captainScenarios/delete; captainScenarios/create; captainScenarios/create; captainScenarios/get; captainTools/getTools,addScenario(item); updateScenario,Rota e componente conferidos no código; não comprova jornada HTTP/renderização no LAB.,PENDENTE DE HOMOLOGAÇÃO MANUAL
intelligence,Captain / Playground,SIDEBAR.CAPTAIN_PLAYGROUND,/app/accounts/:accountId/captain/:assistantId/playground,app/javascript/dashboard/routes/dashboard/captain/assistants/playground/Index.vue,"{ permissions: ['administrator', 'agent'], featureFlag: FEATURE_FLAGS.CAPTAIN, installationTypes: [INSTALLATION_TYPES.CLOUD, INSTALLATION_TYPES.ENTERPRISE], }",,Delegados a componentes/store; chamada HTTP pendente de homologação,Delegados a componentes filhos ou grupo de navegação,Rota e componente conferidos no código; não comprova jornada HTTP/renderização no LAB.,PENDENTE DE HOMOLOGAÇÃO MANUAL
intelligence,Captain / Inboxes,SIDEBAR.CAPTAIN_INBOXES,/app/accounts/:accountId/captain/:assistantId/inboxes,app/javascript/dashboard/routes/dashboard/captain/assistants/inboxes/Index.vue,"{ permissions: ['administrator', 'agent'], featureFlag: FEATURE_FLAGS.CAPTAIN, installationTypes: [INSTALLATION_TYPES.CLOUD, INSTALLATION_TYPES.ENTERPRISE], }",,dashboard/composables/store; captainInboxes/get,handleCreate; handleCreate,Rota e componente conferidos no código; não comprova jornada HTTP/renderização no LAB.,PENDENTE DE HOMOLOGAÇÃO MANUAL
intelligence,Captain / Tools,SIDEBAR.CAPTAIN_TOOLS,/app/accounts/:accountId/captain/:assistantId/tools,app/javascript/dashboard/routes/dashboard/captain/tools/Index.vue,"{ permissions: ['administrator', 'agent'], featureFlag: FEATURE_FLAGS.CAPTAIN_CUSTOM_TOOLS, installationTypes: [INSTALLATION_TYPES.CLOUD, INSTALLATION_TYPES.ENTERPRISE], }",,dashboard/composables/store; captainCustomTools/get,onPageChange; openCreateDialog; openCreateDialog,Rota e componente conferidos no código; não comprova jornada HTTP/renderização no LAB.,PENDENTE DE HOMOLOGAÇÃO MANUAL
intelligence,Captain / Settings,SIDEBAR.CAPTAIN_SETTINGS,/app/accounts/:accountId/captain/:assistantId/settings,app/javascript/dashboard/routes/dashboard/captain/assistants/settings/Settings.vue,"{ permissions: ['administrator', 'agent'], featureFlag: FEATURE_FLAGS.CAPTAIN, installationTypes: [INSTALLATION_TYPES.CLOUD, INSTALLATION_TYPES.ENTERPRISE], }",,dashboard/composables/store; dashboard/composables/store; captainAssistants/update,handleSubmit; handleSubmit; handleDelete,Rota e componente conferidos no código; não comprova jornada HTTP/renderização no LAB.,PENDENTE DE HOMOLOGAÇÃO MANUAL
intelligence,/ JRC Intelligent Automation,Automacoes Inteligentes,/app/accounts/:accountId/settings/automation/list,app/javascript/dashboard/routes/dashboard/settings/automation/Index.vue,"{ featureFlag: FEATURE_FLAGS.AUTOMATIONS, permissions: ['administrator'], }",,dashboard/composables/store; inboxes/get; agents/get; contacts/get; teams/get; labels/get; campaigns/get; automations/get; sla/get; automations/delete; automations/clone; automations/get; automations/update,openAddPopup,Rota e componente conferidos no código; não comprova jornada HTTP/renderização no LAB.,PENDENTE DE HOMOLOGAÇÃO MANUAL
relationships,/ Companies,Empresas,,Grupo dinâmico,Herdadas dos filhos; conferir provider/Policy,,Delegados a componentes/store; chamada HTTP pendente de homologação,Delegados a componentes filhos ou grupo de navegação,Rota e componente conferidos no código; não comprova jornada HTTP/renderização no LAB.,PENDENTE DE HOMOLOGAÇÃO MANUAL
relationships,Companies / All Companies,SIDEBAR.ALL_COMPANIES,/app/accounts/:accountId/companies,app/javascript/dashboard/routes/dashboard/companies/pages/CompaniesIndex.vue,"{ featureFlag: FEATURE_FLAGS.COMPANIES, permissions: ['administrator', 'agent'], installationTypes: [INSTALLATION_TYPES.CLOUD, INSTALLATION_TYPES.ENTERPRISE], }",,dashboard/stores/companies,onPageChange; handleSort,Rota e componente conferidos no código; não comprova jornada HTTP/renderização no LAB.,PENDENTE DE HOMOLOGAÇÃO MANUAL
administration,/ JRC Service Desk Structure,JRC_SERVICE_DESK.STRUCTURE.title,/app/accounts/:accountId/service-desk-structure,app/javascript/dashboard/routes/dashboard/serviceDesk/views/StructureView.vue,"{ featureFlag: FEATURE_FLAGS.JRC_SERVICE_DESK, permissions: ['administrator', 'agent', 'custom_role'] }",structuralGuard,dashboard/composables/store; dashboard/api/serviceDeskStructure,"router.push({ name: 'home', params: { accountId } }); filter; create; router.push({ name: 'custom_roles_list', params: { accountId } }) ; router.push({ name: 'agent_list', params: { accountId } }); changeMembership(row); edit(row); paginate(-1); paginate(1); close",PASSOU em testes locais de navegação/componentes e contratos; repetir jornada com usuário autorizado no LAB após deploy.,PASSOU
administration,/ JRC AI Administration,Inteligencia Artificial,/app/accounts/:accountId/inteligencia/provedores,app/javascript/dashboard/routes/dashboard/jrcAI/JrcAiSettingsPage.vue,{ permissions: ['administrator'] },,dashboard/composables/store; dashboard/api/jrcAi,activeTab = tab.key; startCreate; startEdit(provider); validateProvider(provider); makeDefault(provider); removeProvider(provider); startCreate; load; showForm = false; providerChanged; showForm = false,Rota e componente conferidos no código; não comprova jornada HTTP/renderização no LAB.,PENDENTE DE HOMOLOGAÇÃO MANUAL
administration,JRC AI Administration / JRC AI Providers,Provedores,/app/accounts/:accountId/inteligencia/provedores,app/javascript/dashboard/routes/dashboard/jrcAI/JrcAiSettingsPage.vue,{ permissions: ['administrator'] },,dashboard/composables/store; dashboard/api/jrcAi,activeTab = tab.key; startCreate; startEdit(provider); validateProvider(provider); makeDefault(provider); removeProvider(provider); startCreate; load; showForm = false; providerChanged; showForm = false,Rota e componente conferidos no código; não comprova jornada HTTP/renderização no LAB.,PENDENTE DE HOMOLOGAÇÃO MANUAL
administration,JRC AI Administration / JRC AI Models,Modelos,/app/accounts/:accountId/inteligencia/modelos,app/javascript/dashboard/routes/dashboard/jrcAI/JrcAiSettingsPage.vue,{ permissions: ['administrator'] },,dashboard/composables/store; dashboard/api/jrcAi,activeTab = tab.key; startCreate; startEdit(provider); validateProvider(provider); makeDefault(provider); removeProvider(provider); startCreate; load; showForm = false; providerChanged; showForm = false,Rota e componente conferidos no código; não comprova jornada HTTP/renderização no LAB.,PENDENTE DE HOMOLOGAÇÃO MANUAL
administration,JRC AI Administration / JRC AI Usage,Tokens e Consumo,/app/accounts/:accountId/inteligencia/consumo,app/javascript/dashboard/routes/dashboard/jrcAI/JrcAiSettingsPage.vue,{ permissions: ['administrator'] },,dashboard/composables/store; dashboard/api/jrcAi,activeTab = tab.key; startCreate; startEdit(provider); validateProvider(provider); makeDefault(provider); removeProvider(provider); startCreate; load; showForm = false; providerChanged; showForm = false,Rota e componente conferidos no código; não comprova jornada HTTP/renderização no LAB.,PENDENTE DE HOMOLOGAÇÃO MANUAL
administration,JRC AI Administration / JRC AI Security,Seguranca,/app/accounts/:accountId/inteligencia/configuracoes,app/javascript/dashboard/routes/dashboard/jrcAI/JrcAiSettingsPage.vue,{ permissions: ['administrator'] },,dashboard/composables/store; dashboard/api/jrcAi,activeTab = tab.key; startCreate; startEdit(provider); validateProvider(provider); makeDefault(provider); removeProvider(provider); startCreate; load; showForm = false; providerChanged; showForm = false,Rota e componente conferidos no código; não comprova jornada HTTP/renderização no LAB.,PENDENTE DE HOMOLOGAÇÃO MANUAL
administration,JRC AI Administration / JRC AI Logs,Logs,/app/accounts/:accountId/inteligencia/logs,app/javascript/dashboard/routes/dashboard/jrcAI/JrcAiSettingsPage.vue,{ permissions: ['administrator'] },,dashboard/composables/store; dashboard/api/jrcAi,activeTab = tab.key; startCreate; startEdit(provider); validateProvider(provider); makeDefault(provider); removeProvider(provider); startCreate; load; showForm = false; providerChanged; showForm = false,Rota e componente conferidos no código; não comprova jornada HTTP/renderização no LAB.,PENDENTE DE HOMOLOGAÇÃO MANUAL
administration,/ Settings,Configuracoes,,Grupo dinâmico,Herdadas dos filhos; conferir provider/Policy,,Delegados a componentes/store; chamada HTTP pendente de homologação,Delegados a componentes filhos ou grupo de navegação,Rota e componente conferidos no código; não comprova jornada HTTP/renderização no LAB.,PENDENTE DE HOMOLOGAÇÃO MANUAL
administration,Settings / Settings Account Settings,SIDEBAR.ACCOUNT_SETTINGS,/app/accounts/:accountId/settings/general,app/javascript/dashboard/routes/dashboard/settings/account/Index.vue,"{ permissions: ['administrator'], }",,accounts/update,Delegados a componentes filhos ou grupo de navegação,Rota e componente conferidos no código; não comprova jornada HTTP/renderização no LAB.,PENDENTE DE HOMOLOGAÇÃO MANUAL
administration,Settings / Settings Agents,SIDEBAR.AGENTS,/app/accounts/:accountId/settings/agents/list,app/javascript/dashboard/routes/dashboard/settings/agents/Index.vue,"{ featureFlag: FEATURE_FLAGS.AGENT_MANAGEMENT, permissions: ['administrator'], }",,dashboard/composables/store; agents/get; customRole/getCustomRole; agents/delete,"openAddPopup; openEditPopup(agent); openDeletePopup(agent, index)",Rota e componente conferidos no código; não comprova jornada HTTP/renderização no LAB.,PENDENTE DE HOMOLOGAÇÃO MANUAL
administration,Settings / Settings Teams,SIDEBAR.TEAMS,/app/accounts/:accountId/settings/teams/list,app/javascript/dashboard/routes/dashboard/settings/teams/Index.vue,"{ featureFlag: FEATURE_FLAGS.TEAM_MANAGEMENT, permissions: ['administrator'], }",,dashboard/composables/store.js; dashboard/composables/store; teams/delete,openDelete(team),Rota e componente conferidos no código; não comprova jornada HTTP/renderização no LAB.,PENDENTE DE HOMOLOGAÇÃO MANUAL
administration,Settings / Settings Agent Assignment,SIDEBAR.AGENT_ASSIGNMENT,/app/accounts/:accountId/settings/assignment-policy/index,app/javascript/dashboard/routes/dashboard/settings/assignmentPolicy/Index.vue,"{ featureFlag: FEATURE_FLAGS.ASSIGNMENT_V2, permissions: ['administrator'], }",,dashboard/composables/store,handleClick(item.key),Rota e componente conferidos no código; não comprova jornada HTTP/renderização no LAB.,PENDENTE DE HOMOLOGAÇÃO MANUAL
administration,Settings / Settings Inboxes,SIDEBAR.INBOXES,/app/accounts/:accountId/settings/inboxes/list,app/javascript/dashboard/routes/dashboard/settings/inbox/Index.vue,"{ featureFlag: FEATURE_FLAGS.INBOX_MANAGEMENT, permissions: ['administrator'], }",,dashboard/composables/store; inboxes/get; inboxes/delete,openDelete(inbox),Rota e componente conferidos no código; não comprova jornada HTTP/renderização no LAB.,PENDENTE DE HOMOLOGAÇÃO MANUAL
administration,Settings / Settings Labels,SIDEBAR.LABELS,/app/accounts/:accountId/settings/labels/list,app/javascript/dashboard/routes/dashboard/settings/labels/Index.vue,"{ featureFlag: FEATURE_FLAGS.LABELS, permissions: ['administrator'], }",,dashboard/composables/store; labels/delete; labels/get,openAddPopup; openEditPopup(label); openDeletePopup(label),Rota e componente conferidos no código; não comprova jornada HTTP/renderização no LAB.,PENDENTE DE HOMOLOGAÇÃO MANUAL
administration,Settings / Settings Custom Attributes,SIDEBAR.CUSTOM_ATTRIBUTES,/app/accounts/:accountId/settings/custom-attributes/list,app/javascript/dashboard/routes/dashboard/settings/attributes/Index.vue,"{ featureFlag: FEATURE_FLAGS.CUSTOM_ATTRIBUTES, permissions: ['administrator'], }",,dashboard/composables/store; attributes/get; attributes/delete,openAddPopup,Rota e componente conferidos no código; não comprova jornada HTTP/renderização no LAB.,PENDENTE DE HOMOLOGAÇÃO MANUAL
administration,Settings / Settings Automation,SIDEBAR.AUTOMATION,/app/accounts/:accountId/settings/automation/list,app/javascript/dashboard/routes/dashboard/settings/automation/Index.vue,"{ featureFlag: FEATURE_FLAGS.AUTOMATIONS, permissions: ['administrator'], }",,dashboard/composables/store; inboxes/get; agents/get; contacts/get; teams/get; labels/get; campaigns/get; automations/get; sla/get; automations/delete; automations/clone; automations/get; automations/update,openAddPopup,Rota e componente conferidos no código; não comprova jornada HTTP/renderização no LAB.,PENDENTE DE HOMOLOGAÇÃO MANUAL
administration,Settings / Settings Agent Bots,SIDEBAR.AGENT_BOTS,/app/accounts/:accountId/settings/agent-bots,app/javascript/dashboard/routes/dashboard/settings/agentBots/Index.vue,"{ featureFlag: FEATURE_FLAGS.AGENT_BOTS, permissions: ['administrator'], }",,dashboard/composables/store; agentBots/delete; agentBots/get,openAddModal; openEditModal(bot); openDeletePopup(bot),Rota e componente conferidos no código; não comprova jornada HTTP/renderização no LAB.,PENDENTE DE HOMOLOGAÇÃO MANUAL
administration,Settings / Settings Macros,SIDEBAR.MACROS,/app/accounts/:accountId/settings/macros,app/javascript/dashboard/routes/dashboard/settings/macros/Index.vue,"{ featureFlag: FEATURE_FLAGS.MACROS, permissions: [...ROLES, ...CONVERSATION_PERMISSIONS], }",,dashboard/composables/store; macros/get; macros/delete,Delegados a componentes filhos ou grupo de navegação,Rota e componente conferidos no código; não comprova jornada HTTP/renderização no LAB.,PENDENTE DE HOMOLOGAÇÃO MANUAL
administration,Settings / Settings Canned Responses,SIDEBAR.CANNED_RESPONSES,/app/accounts/:accountId/settings/canned-response/list,app/javascript/dashboard/routes/dashboard/settings/canned/Index.vue,"{ featureFlag: FEATURE_FLAGS.CANNED_RESPONSES, permissions: [...ROLES, ...CONVERSATION_PERMISSIONS], }",,dashboard/composables/store; getCannedResponse; deleteCannedResponse,openAddPopup; toggleSort; openEditPopup(cannedItem); openDeletePopup(cannedItem),Rota e componente conferidos no código; não comprova jornada HTTP/renderização no LAB.,PENDENTE DE HOMOLOGAÇÃO MANUAL
administration,Settings / Settings Integrations,SIDEBAR.INTEGRATIONS,/app/accounts/:accountId/settings/integrations,app/javascript/dashboard/routes/dashboard/settings/integrations/Index.vue,"{ featureFlag: FEATURE_FLAGS.INTEGRATIONS, permissions: ['administrator'], }",,dashboard/composables/store; integrations/get,Delegados a componentes filhos ou grupo de navegação,Rota e componente conferidos no código; não comprova jornada HTTP/renderização no LAB.,PENDENTE DE HOMOLOGAÇÃO MANUAL
administration,Settings / Settings Data,SIDEBAR.DATA,/app/accounts/:accountId/settings/data,app/javascript/dashboard/routes/dashboard/settings/data/Index.vue,"{ featureFlag: FEATURE_FLAGS.DATA_IMPORT, permissions: ['administrator'], }",,dashboard/composables/store; dashboard/api/dataImports,refresh({ showLoader: false }); openImportDrawer; openImportDrawer; openImport(dataImport),Rota e componente conferidos no código; não comprova jornada HTTP/renderização no LAB.,PENDENTE DE HOMOLOGAÇÃO MANUAL
administration,Settings / Settings Audit Logs,SIDEBAR.AUDIT_LOGS,/app/accounts/:accountId/settings/audit-logs/list,app/javascript/dashboard/routes/dashboard/settings/auditlogs/Index.vue,"{ featureFlag: FEATURE_FLAGS.AUDIT_LOGS, installationTypes: [ INSTALLATION_TYPES.CLOUD, INSTALLATION_TYPES.ENTERPRISE, ], permissions: ['administrator'], }",,dashboard/composables/store; auditlogs/fetch; agents/get,onPageChange,Rota e componente conferidos no código; não comprova jornada HTTP/renderização no LAB.,PENDENTE DE HOMOLOGAÇÃO MANUAL
administration,Settings / Settings Custom Roles,SIDEBAR.CUSTOM_ROLES,/app/accounts/:accountId/settings/custom-roles/list,app/javascript/dashboard/routes/dashboard/settings/customRoles/Index.vue,"{ featureFlag: FEATURE_FLAGS.CUSTOM_ROLES, installationTypes: [ INSTALLATION_TYPES.CLOUD, INSTALLATION_TYPES.ENTERPRISE, ], permissions: ['administrator'], }",,dashboard/composables/store; customRole/getCustomRole; customRole/deleteCustomRole,openAddModal,Rota e componente conferidos no código; não comprova jornada HTTP/renderização no LAB.,PENDENTE DE HOMOLOGAÇÃO MANUAL
administration,Settings / Settings Sla,SIDEBAR.SLA,/app/accounts/:accountId/settings/sla/list,app/javascript/dashboard/routes/dashboard/settings/sla/Index.vue,"{ featureFlag: FEATURE_FLAGS.SLA, permissions: ['administrator'], installationTypes: [INSTALLATION_TYPES.CLOUD, INSTALLATION_TYPES.ENTERPRISE], }",,sla/get; sla/delete,openAddPopup; openDeletePopup(sla),Rota e componente conferidos no código; não comprova jornada HTTP/renderização no LAB.,PENDENTE DE HOMOLOGAÇÃO MANUAL
administration,Settings / Conversation Workflow,SIDEBAR.CONVERSATION_WORKFLOW,/app/accounts/:accountId/settings/conversation-workflow,app/javascript/dashboard/routes/dashboard/settings/conversationWorkflow/index.vue,"{ permissions: ['administrator'], }",,dashboard/composables/store,Delegados a componentes filhos ou grupo de navegação,Rota e componente conferidos no código; não comprova jornada HTTP/renderização no LAB.,PENDENTE DE HOMOLOGAÇÃO MANUAL
administration,Settings / Settings Security,SIDEBAR.SECURITY,/app/accounts/:accountId/settings/security,app/javascript/dashboard/routes/dashboard/settings/security/Index.vue,"{ permissions: ['administrator'], featureFlag: FEATURE_FLAGS.SAML, installationTypes: [ INSTALLATION_TYPES.CLOUD, INSTALLATION_TYPES.ENTERPRISE, ], }",,Delegados a componentes/store; chamada HTTP pendente de homologação,Delegados a componentes filhos ou grupo de navegação,Rota e componente conferidos no código; não comprova jornada HTTP/renderização no LAB.,PENDENTE DE HOMOLOGAÇÃO MANUAL
administration,Settings / Settings Billing,SIDEBAR.BILLING,/app/accounts/:accountId/settings/billing,app/javascript/dashboard/routes/dashboard/settings/billing/Index.vue,"{ installationTypes: [INSTALLATION_TYPES.CLOUD], permissions: ['administrator'], }",,dashboard/composables/store.js; shared/helpers/sessionStorage; accounts/subscription; accounts/selectBillingCurrency; accounts/checkout,onSelectCurrency(code); onClickBillingPortal; fetchLimits; openPurchaseCreditsModal; onClickBillingPortal; onToggleChatWindow,Rota e componente conferidos no código; não comprova jornada HTTP/renderização no LAB.,PENDENTE DE HOMOLOGAÇÃO MANUAL
legacy-tools,/ Inbox,SIDEBAR.INBOX,/app/accounts/:accountId/inbox-view,app/javascript/dashboard/routes/dashboard/inbox/InboxEmptyState.vue,"{ permissions: [...ROLES, ...CONVERSATION_PERMISSIONS], }",,dashboard/composables/store; dashboard/api/inbox/conversation; dashboard/api/videoConferenceSettings; dashboard/api/whatsappCallingConfiguration; inboxes/get,Delegados a componentes filhos ou grupo de navegação,Rota e componente conferidos no código; não comprova jornada HTTP/renderização no LAB.,PENDENTE DE HOMOLOGAÇÃO MANUAL
legacy-tools,/ Calls,SIDEBAR.CALLS,/app/accounts/:accountId/calls,app/javascript/dashboard/routes/dashboard/calls/pages/CallsIndex.vue,"{ permissions: [...ROLES, ...CONVERSATION_PERMISSIONS], installationTypes: [ INSTALLATION_TYPES.CLOUD, INSTALLATION_TYPES.ENTERPRISE, ], }",,dashboard/composables/store; dashboard/stores/callHistory; inboxes/get; agents/get,onPageChange,Rota e componente conferidos no código; não comprova jornada HTTP/renderização no LAB.,PENDENTE DE HOMOLOGAÇÃO MANUAL
legacy-tools,/ Campaigns,SIDEBAR.CAMPAIGNS,,Grupo dinâmico,Herdadas dos filhos; conferir provider/Policy,,Delegados a componentes/store; chamada HTTP pendente de homologação,Delegados a componentes filhos ou grupo de navegação,Rota e componente conferidos no código; não comprova jornada HTTP/renderização no LAB.,PENDENTE DE HOMOLOGAÇÃO MANUAL
legacy-tools,Campaigns / Live chat,SIDEBAR.LIVE_CHAT,/app/accounts/:accountId/campaigns/live_chat,app/javascript/dashboard/routes/dashboard/campaigns/pages/LiveChatCampaignsPage.vue,"{ featureFlag: FEATURE_FLAGS.CAMPAIGNS, permissions: ['administrator'], }",,dashboard/composables/store,toggleLiveChatCampaignDialog(),Rota e componente conferidos no código; não comprova jornada HTTP/renderização no LAB.,PENDENTE DE HOMOLOGAÇÃO MANUAL
legacy-tools,Campaigns / SMS,SIDEBAR.SMS,/app/accounts/:accountId/campaigns/sms,app/javascript/dashboard/routes/dashboard/campaigns/pages/SMSCampaignsPage.vue,"{ featureFlag: FEATURE_FLAGS.CAMPAIGNS, permissions: ['administrator'], }",,dashboard/composables/store,toggleSMSCampaignDialog(),Rota e componente conferidos no código; não comprova jornada HTTP/renderização no LAB.,PENDENTE DE HOMOLOGAÇÃO MANUAL
legacy-tools,Campaigns / WhatsApp,SIDEBAR.WHATSAPP,/app/accounts/:accountId/campaigns/whatsapp,app/javascript/dashboard/routes/dashboard/campaigns/pages/WhatsAppCampaignsPage.vue,"{ ...meta, featureFlag: FEATURE_FLAGS.WHATSAPP_CAMPAIGNS, }",,dashboard/composables/store,toggleWhatsAppCampaignDialog(),Rota e componente conferidos no código; não comprova jornada HTTP/renderização no LAB.,PENDENTE DE HOMOLOGAÇÃO MANUAL
legacy-tools,/ Portals,SIDEBAR.HELP_CENTER.TITLE,,Grupo dinâmico,Herdadas dos filhos; conferir provider/Policy,,Delegados a componentes/store; chamada HTTP pendente de homologação,Delegados a componentes filhos ou grupo de navegação,Rota e componente conferidos no código; não comprova jornada HTTP/renderização no LAB.,PENDENTE DE HOMOLOGAÇÃO MANUAL
legacy-tools,Portals / Articles,SIDEBAR.HELP_CENTER.ARTICLES,:portalSlug/:locale/:categorySlug?/articles/:tab?,app/javascript/dashboard/routes/dashboard/helpcenter/pages/PortalsArticlesIndexPage.vue,"{ featureFlag: FEATURE_FLAGS.HELP_CENTER, permissions: ['administrator', 'agent', 'knowledge_base_manage'], }",,dashboard/composables/store.js; articles/index; portals/index; portals/show; categories/index; agents/get,Delegados a componentes filhos ou grupo de navegação,Rota e componente conferidos no código; não comprova jornada HTTP/renderização no LAB.,PENDENTE DE HOMOLOGAÇÃO MANUAL
legacy-tools,Portals / Categories,SIDEBAR.HELP_CENTER.CATEGORIES,:portalSlug/:locale/categories,app/javascript/dashboard/routes/dashboard/helpcenter/pages/PortalsCategoriesIndexPage.vue,"{ featureFlag: FEATURE_FLAGS.HELP_CENTER, permissions: ['administrator', 'agent', 'knowledge_base_manage'], }",,dashboard/composables/store.js; categories/index; portals/show,Delegados a componentes filhos ou grupo de navegação,Rota e componente conferidos no código; não comprova jornada HTTP/renderização no LAB.,PENDENTE DE HOMOLOGAÇÃO MANUAL
legacy-tools,Portals / Locales,SIDEBAR.HELP_CENTER.LOCALES,:portalSlug/locales,app/javascript/dashboard/routes/dashboard/helpcenter/pages/PortalsLocalesIndexPage.vue,"{ featureFlag: FEATURE_FLAGS.HELP_CENTER, permissions: ['administrator', 'agent', 'knowledge_base_manage'], }",,dashboard/composables/store.js,Delegados a componentes filhos ou grupo de navegação,Rota e componente conferidos no código; não comprova jornada HTTP/renderização no LAB.,PENDENTE DE HOMOLOGAÇÃO MANUAL
legacy-tools,Portals / Settings,SIDEBAR.HELP_CENTER.SETTINGS,:portalSlug/settings,app/javascript/dashboard/routes/dashboard/helpcenter/pages/PortalsSettingsIndexPage.vue,"{ featureFlag: FEATURE_FLAGS.HELP_CENTER, permissions: ['administrator', 'agent', 'knowledge_base_manage'], }",,dashboard/composables/store.js; portals/sslStatus; portals/index; portals/show; categories/index; agents/get; inboxes/get; portals/update; portals/delete; portals/sendCnameInstructions,handleUpdatePortal; handleUpdatePortalConfiguration,Rota e componente conferidos no código; não comprova jornada HTTP/renderização no LAB.,PENDENTE DE HOMOLOGAÇÃO MANUAL
attendance,/ Reports,Meu Desempenho,/app/accounts/:accountId/reports/my-performance,app/javascript/dashboard/routes/dashboard/settings/reports/MyPerformance.vue,"{ featureFlag: FEATURE_FLAGS.REPORTS, permissions: ['agent', 'custom_role'], }",,dashboard/composables/store,Delegados a componentes filhos ou grupo de navegação,Rota e componente conferidos no código; não comprova jornada HTTP/renderização no LAB.,PENDENTE DE HOMOLOGAÇÃO MANUAL
administration,/ Settings,Configuracoes,/app/accounts/:accountId/settings/general,app/javascript/dashboard/routes/dashboard/settings/account/Index.vue,"{ permissions: ['administrator'], }",,accounts/update,Delegados a componentes filhos ou grupo de navegação,Rota e componente conferidos no código; não comprova jornada HTTP/renderização no LAB.,PENDENTE DE HOMOLOGAÇÃO MANUAL
attendance,/ Sales,SALES.SIDEBAR,/app/accounts/:accountId/vendas/pipeline,app/javascript/dashboard/routes/dashboard/sales/SalesPipelinePage.vue,"{ featureFlag: FEATURE_FLAGS.SALES, permissions: ['administrator', 'agent', 'custom_role'], }","async to => { await store.dispatch('accounts/get', { silent: true }); const enabled = store.getters['accounts/isFeatureEnabledonAccount']( Number(to.params.accountId), FEATURE_FLAGS.SALES ); const crmEnabled = store.getters['accounts/isFeatureEnabledonAccount']( Number(to.params.accountId), FEATURE_FLAGS.JRC_CRM ); if (crmEnabled) { return frontendURL(`accounts/${to.params.accountId}/crm/funnel`); } return enabled ? true : frontendURL(`accounts/${to.params.accountId}/dashboard`); }",dashboard/api/sales,"load; openCreate(); event => handleStageChange(event, stage); openCreate(stage.id); cancelLostMove; confirmLostMove",Rota e componente conferidos no código; não comprova jornada HTTP/renderização no LAB.,PENDENTE DE HOMOLOGAÇÃO MANUAL
